<styles>
	<style name="MUI_flat" sysname="MUI_flat">
		<graphics-file name="toolicons_traditional.png" />
		<active-route>
			<font-color r="50" g="240" b="50" />
			<text-background-location x="660" y="260" width="111" height="43" />
		</active-route>
		<tools>
			<horizontal>
				<separation distance="8"/>
				<margin top="6" bottom="6" left="6" right="6" invisible="false"/>
				<toggled-location x="660" y="60" width="32" height="32"/>
				<background-location x="340" y="100" />
				<size x="32" y="32"/>
			</horizontal>
			<vertical>
				<separation distance="8"/>
				<margin top="6" bottom="6" left="6" right="6" invisible="false"/>
				<toggled-location x="660" y="60" width="32" height="32"/>
				<background-location x="340" y="100" />
				<size x="32" y="32"/>
			</vertical>
			<compass>
				<margin top="3" bottom="3" left="4" right="4"/>
				<offset x="2" y="2"/>
				<compass-corners  radius="3"/>
			</compass>
			<tool name="Dashboard">
				<icon-location x="620" y="100"/>
				<rollover-location x="420" y="360"/>
				<disabled-location x="340" y="360"/>
			</tool>
			<tool name="GRIB">
				<icon-location x="660" y="100"/>
				<rollover-location x="460" y="360"/>
				<disabled-location x="380" y="360"/>
			</tool>
			<tool name="zoomin">
				<icon-location x="20" y="20"/>
				<rollover-location x="20" y="220"/>
				<disabled-location x="20" y="320"/>
			</tool>
			<tool name="zoomout">
				<icon-location x="60" y="20"/>
				<rollover-location x="60" y="220"/>
				<disabled-location x="60" y="320"/>
			</tool>
			<tool name="scin">
				<icon-location x="100" y="20"/>
				<rollover-location x="100" y="220"/>
				<disabled-location x="100" y="320"/>
			</tool>
			<tool name="scout">
				<icon-location x="140" y="20"/>
				<rollover-location x="140" y="220"/>
				<disabled-location x="140" y="320"/>
			</tool>
			<tool name="settings">
				<icon-location x="180" y="20"/>
				<rollover-location x="180" y="220"/>
				<disabled-location x="180" y="320"/>
			</tool>
			<tool name="tide">
				<icon-location x="220" y="20"/>
				<rollover-location x="220" y="220"/>
				<disabled-location x="220" y="320"/>
			</tool>
			<tool name="route">
				<icon-location x="260" y="20"/>
				<rollover-location x="260" y="220"/>
				<disabled-location x="260" y="320"/>
			</tool>
			<tool name="current">
				<icon-location x="300" y="20"/>
				<rollover-location x="300" y="220"/>
				<disabled-location x="300" y="320"/>
			</tool>
			<tool name="text">
				<icon-location x="340" y="20"/>
				<rollover-location x="340" y="220"/>
				<disabled-location x="340" y="320"/>
			</tool>
			<tool name="print">
				<icon-location x="380" y="20"/>
				<rollover-location x="380" y="220"/>
				<disabled-location x="380" y="320"/>
			</tool>
			<tool name="exitt">
				<icon-location x="420" y="20"/>
				<rollover-location x="420" y="220"/>
				<disabled-location x="420" y="320"/>
			</tool>
			<tool name="follow">
				<icon-location x="460" y="20"/>
				<rollover-location x="460" y="220"/>
				<disabled-location x="460" y="320"/>
			</tool>
			<tool name="help">
				<icon-location x="500" y="20"/>
				<rollover-location x="500" y="220"/>
				<disabled-location x="500" y="320"/>
			</tool>
			<tool name="colorscheme">
				<icon-location x="540" y="20"/>
				<rollover-location x="540" y="220"/>
				<disabled-location x="540" y="320"/>
			</tool>
			<tool name="route_manager">
				<icon-location x="580" y="20"/>
				<rollover-location x="580" y="220"/>
				<disabled-location x="580" y="320"/>
			</tool>
			<tool name="track">
				<icon-location x="620" y="20"/>
				<rollover-location x="620" y="220"/>
				<disabled-location x="620" y="320"/>
			</tool>
			<tool name="trackon">
				<icon-location x="660" y="20"/>
				<rollover-location x="660" y="220"/>
				<disabled-location x="660" y="320"/>
			</tool>
			<tool name="mob_btn">
				<icon-location x="20" y="60"/>
				<rollover-location x="20" y="260"/>
				<disabled-location x="20" y="360"/>
			</tool>
			<tool name="AIS">
				<icon-location x="60" y="60"/>
				<rollover-location x="60" y="260"/>
				<disabled-location x="60" y="360"/>
			</tool>
			<tool name="AIS_Suppressed">
				<icon-location x="100" y="60"/>
				<rollover-location x="100" y="260"/>
				<disabled-location x="100" y="360"/>
			</tool>
			<tool name="AIS_AlertGeneral">
				<icon-location x="140" y="60"/>
				<rollover-location x="140" y="260"/>
				<disabled-location x="140" y="360"/>
			</tool>
			<tool name="AIS_Normal_Active">
				<icon-location x="180" y="60"/>
				<rollover-location x="180" y="260"/>
				<disabled-location x="180" y="360"/>
			</tool>
			<tool name="AIS_Suppressed_Active">
				<icon-location x="220" y="60"/>
				<rollover-location x="220" y="260"/>
				<disabled-location x="220" y="360"/>
			</tool>
			<tool name="AIS_AlertGeneral_Active">
				<icon-location x="260" y="60"/>
				<rollover-location x="260" y="260"/>
				<disabled-location x="260" y="360"/>
			</tool>
			<tool name="AIS_Disabled">
				<icon-location x="300" y="60"/>
				<rollover-location x="300" y="260"/>
				<disabled-location x="300" y="360"/>
			</tool>
                        <tool name="MUI_menu">
                                <icon-location x="500" y="20"/>
                                <rollover-location x="500" y="220"/>
                                <disabled-location x="500" y="320"/>
                        </tool>

                        <tool name="MUI_settings">
                                <icon-location x="500" y="20"/>
                                <rollover-location x="500" y="220"/>
                                <disabled-location x="500" y="320"/>
                        </tool>

                        <tool name="MUI_route">
                                <icon-location x="500" y="20"/>
                                <rollover-location x="500" y="220"/>
                                <disabled-location x="500" y="320"/>
                        </tool>

                        <tool name="MUI_print">
                                <icon-location x="500" y="20"/>
                                <rollover-location x="500" y="220"/>
                                <disabled-location x="500" y="320"/>
                        </tool>

                        <tool name="MUI_RMD">
                                <icon-location x="500" y="20"/>
                                <rollover-location x="500" y="220"/>
                                <disabled-location x="500" y="320"/>
                        </tool>

                        <tool name="MUI_colorscheme">
                                <icon-location x="500" y="20"/>
                                <rollover-location x="500" y="220"/>
                                <disabled-location x="500" y="320"/>
                        </tool>

                        <tool name="MUI_track">
                                <icon-location x="500" y="20"/>
                                <rollover-location x="500" y="220"/>
                                <disabled-location x="500" y="320"/>
                        </tool>

                        <tool name="MUI_help">
                                <icon-location x="500" y="20"/>
                                <rollover-location x="500" y="220"/>
                                <disabled-location x="500" y="320"/>
                        </tool>


		</tools>

		<icons>
                        <icon name="4WayMove">
                                <icon-location x="420" y="160"/>
                                <size x="32" y="32"/>
                        </icon>
			<icon name="Display">
				<icon-location x="20" y="400"/>
                        <size x="40" y="40"/>
				<rollover-location x="20" y="430"/>
			</icon>
			<icon name="Connections">
				<icon-location x="80" y="400"/>
                        <size x="40" y="40"/>
				<rollover-location x="80" y="430"/>
			</icon>
			<icon name="Charts">
				<icon-location x="140" y="400"/>
                        <size x="40" y="40"/>
				<rollover-location x="140" y="430"/>
			</icon>
			<icon name="Ship">
				<icon-location x="200" y="400"/>
                        <size x="40" y="40"/>
				<rollover-location x="200" y="430"/>
			</icon>
			<icon name="UI">
				<icon-location x="260" y="400"/>
                        <size x="40" y="40"/>
				<rollover-location x="260" y="430"/>
			</icon>
			<icon name="Plugins">
				<icon-location x="320" y="400"/>
                        <size x="40" y="40"/>
				<rollover-location x="320" y="430"/>
			</icon>
			<icon name="mob">
				<icon-location x="700" y="20"/>
			</icon>
			<icon name="gps1Bar">
				<icon-location x="340" y="60"/>
			</icon>
			<icon name="gps2Bar">
				<icon-location x="380" y="60"/>
			</icon>
			<icon name="gps3Bar">
				<icon-location x="420" y="60"/>
			</icon>
			<icon name="gpsGrn">
				<icon-location x="460" y="60"/>
			</icon>
			<icon name="gpsGry">
				<icon-location x="500" y="60"/>
			</icon>
			<icon name="gpsRed">
				<icon-location x="540" y="60"/>
			</icon>
			<icon name="CompassRose">
				<icon-location x="580" y="60"/>
			</icon>
			<icon name="CompassRoseBlue">
				<icon-location x="620" y="60"/>
			</icon>
			<icon name="polyprj">
				<icon-location x="740" y="20"/>
				<size x="9" y="13"/>
			</icon>
			<icon name="grabber">
				<icon-location x="700" y="60"/>
				<size x="12" y="32"/>
			</icon>
                        <icon name="grabber_hi">
                                <icon-location x="712" y="60"/>
                                <size x="12" y="32"/>
                        </icon>
                        <icon name="grabber_ext">
                                <icon-location x="700" y="100"/>
                                <size x="32" y="32"/>
                        </icon>
			<icon name="viz">
				<icon-location x="20" y="100"/>
				<size x="20" y="13"/>
			</icon>
			<icon name="redX">
				<icon-location x="60" y="100"/>
				<size x="13" y="13"/>
			</icon>
			<icon name="">
				<icon-location x="100" y="100"/>
				<size x="" y=""/>
			</icon>
			<icon name="tmercprj">
				<icon-location x="100" y="100"/>
				<size x="13" y="13"/>
			</icon>
			<icon name="skewprj">
				<icon-location x="140" y="100"/>
				<size x="13" y="13"/>
			</icon>
			<icon name="sort_asc">
				<icon-location x="220" y="100"/>
				<size x="16" y="16"/>
			</icon>
			<icon name="sort_desc">
				<icon-location x="180" y="100"/>
				<size x="16" y="16"/>
			</icon>
			<icon name="activepoint">
				<size x="23" y="23"/>
				<icon-location x="260" y="100"/>
			</icon>
			<icon name="cross">
				<size x="24" y="24"/>
				<icon-location x="300" y="100"/>
			</icon>
			<icon name="pencil">
				<icon-location x="380" y="100"/>
			</icon>
			<icon name="up">
				<icon-location x="420" y="100"/>
			</icon>
			<icon name="right">
				<icon-location x="460" y="100"/>
			</icon>
			<icon name="down">
				<icon-location x="500" y="100"/>
			</icon>
			<icon name="left">
				<icon-location x="540" y="100"/>
			</icon>
			<icon name="anchor">
				<icon-location x="20" y="140"/>
				<size x="16" y="16"/>
			</icon>
			<icon name="anchorage">
				<icon-location x="40" y="140"/>
				<size x="16" y="16"/>
			</icon>
			<icon name="boarding">
				<icon-location x="60" y="140"/>
				<size x="16" y="16"/>
			</icon>
			<icon name="boundary">
				<icon-location x="80" y="140"/>
				<size x="16" y="16"/>
			</icon>
			<icon name="bouy1">
				<icon-location x="100" y="140"/>
				<size x="16" y="16"/>
			</icon>
			<icon name="bouy2">
				<icon-location x="120" y="140"/>
				<size x="16" y="16"/>
			</icon>
			<icon name="campfire">
				<icon-location x="140" y="140"/>
				<size x="16" y="16"/>
			</icon>
			<icon name="camping">
				<icon-location x="160" y="140"/>
				<size x="16" y="16"/>
			</icon>
			<icon name="circle">
				<icon-location x="180" y="140"/>
				<size x="16" y="16"/>
			</icon>
			<icon name="coral">
				<icon-location x="200" y="140"/>
				<size x="16" y="16"/>
			</icon>
			<icon name="diamond">
				<icon-location x="220" y="140"/>
				<size x="16" y="16"/>
			</icon>
			<icon name="empty">
				<icon-location x="240" y="140"/>
				<size x="16" y="16"/>
			</icon>
			<icon name="fish">
				<icon-location x="260" y="140"/>
				<size x="16" y="16"/>
			</icon>
			<icon name="fishhaven">
				<icon-location x="280" y="140"/>
				<size x="16" y="16"/>
			</icon>
			<icon name="fishing">
				<icon-location x="300" y="140"/>
				<size x="16" y="16"/>
			</icon>
			<icon name="float">
				<icon-location x="320" y="140"/>
				<size x="16" y="16"/>
			</icon>
			<icon name="food">
				<icon-location x="340" y="140"/>
				<size x="16" y="16"/>
			</icon>
			<icon name="fuel">
				<icon-location x="360" y="140"/>
				<size x="16" y="16"/>
			</icon>
			<icon name="greenlite">
				<icon-location x="380" y="140"/>
				<size x="16" y="16"/>
			</icon>
			<icon name="kelp">
				<icon-location x="400" y="140"/>
				<size x="16" y="16"/>
			</icon>
			<icon name="light">
				<icon-location x="420" y="140"/>
				<size x="16" y="16"/>
			</icon>
			<icon name="light1">
				<icon-location x="440" y="140"/>
				<size x="16" y="16"/>
			</icon>
			<icon name="litevessel">
				<icon-location x="460" y="140"/>
				<size x="16" y="16"/>
			</icon>
			<icon name="mooring">
				<icon-location x="500" y="140"/>
				<size x="16" y="16"/>
			</icon>
			<icon name="oilbouy">
				<icon-location x="520" y="140"/>
				<size x="16" y="16"/>
			</icon>
			<icon name="platform">
				<icon-location x="540" y="140"/>
				<size x="16" y="16"/>
			</icon>
			<icon name="redgreenlite">
				<icon-location x="560" y="140"/>
				<size x="16" y="16"/>
			</icon>
			<icon name="redlite">
				<icon-location x="580" y="140"/>
				<size x="16" y="16"/>
			</icon>
			<icon name="rock1">
				<icon-location x="600" y="140"/>
				<size x="16" y="16"/>
			</icon>
			<icon name="rock2">
				<icon-location x="620" y="140"/>
				<size x="16" y="16"/>
			</icon>
			<icon name="sand">
				<icon-location x="640" y="140"/>
				<size x="16" y="16"/>
			</icon>
			<icon name="scuba">
				<icon-location x="660" y="140"/>
				<size x="16" y="16"/>
			</icon>
			<icon name="shoal">
				<icon-location x="680" y="140"/>
				<size x="16" y="16"/>
			</icon>
			<icon name="snag">
				<icon-location x="700" y="140"/>
				<size x="16" y="16"/>
			</icon>
			<icon name="square">
				<icon-location x="720" y="140"/>
				<size x="16" y="16"/>
			</icon>
			<icon name="triangle">
				<icon-location x="740" y="140"/>
				<size x="16" y="16"/>
			</icon>
			<icon name="airplane">
				<icon-location x="20" y="160"/>
				<size x="16" y="16"/>
			</icon>
			<icon name="wreck1">
				<icon-location x="40" y="160"/>
				<size x="16" y="16"/>
			</icon>
			<icon name="wreck2">
				<icon-location x="60" y="160"/>
				<size x="16" y="16"/>
			</icon>
			<icon name="xmblue">
				<icon-location x="80" y="160"/>
				<size x="16" y="16"/>
			</icon>
			<icon name="xmgreen">
				<icon-location x="100" y="160"/>
				<size x="16" y="16"/>
			</icon>
			<icon name="xmred">
				<icon-location x="120" y="160"/>
				<size x="16" y="16"/>
			</icon>
                        <icon name="qmark">
                                <icon-location x="142" y="160"/>
                                <size x="16" y="16"/>
                        </icon>
			<icon name="tidesml">
				<icon-location x="240" y="160"/>
				<size x="16" y="16"/>
			</icon>
			<icon name="ship-red">
				<icon-location x="754" y="69"/>
				<size x="19" y="45"/>
			</icon>
			<icon name="default_pi">
				<icon-location x="580" y="100"/>
			</icon>
			<icon name="donate">
				<icon-location x="680" y="160"/>
				<size x="113" y="49"/>
			</icon>
		</icons>
	</style>

        <style name="Traditional" sysname="traditional">
                <graphics-file name="toolicons_traditional.png" />
                <active-route>
                        <font-color r="50" g="240" b="50" />
                        <text-background-location x="660" y="260" width="111" height="43" />
                </active-route>
                <tools>
                        <horizontal>
                                <separation distance="8"/>
                                <margin top="6" bottom="6" left="6" right="6" invisible="false"/>
                                <toggled-location x="660" y="60" width="32" height="32"/>
                                <background-location x="340" y="100" />
                                <size x="32" y="32"/>
                        </horizontal>
                        <vertical>
                                <separation distance="8"/>
                                <margin top="8" bottom="8" left="8" right="8" invisible="false"/>
                                <toggled-location x="660" y="60" width="32" height="32"/>
                                <background-location x="340" y="100" />
                                <size x="32" y="32"/>
                        </vertical>
                        <compass>
                                <margin top="3" bottom="3" left="4" right="4"/>
                                <offset x="2" y="2"/>
                                <compass-corners  radius="3"/>
                        </compass>
                        <tool name="Dashboard">
                                <icon-location x="620" y="100"/>
                                <rollover-location x="420" y="360"/>
                                <disabled-location x="340" y="360"/>
                        </tool>
                        <tool name="GRIB">
                                <icon-location x="660" y="100"/>
                                <rollover-location x="460" y="360"/>
                                <disabled-location x="380" y="360"/>
                        </tool>
                        <tool name="zoomin">
                                <icon-location x="20" y="20"/>
                                <rollover-location x="20" y="220"/>
                                <disabled-location x="20" y="320"/>
                        </tool>
                        <tool name="zoomout">
                                <icon-location x="60" y="20"/>
                                <rollover-location x="60" y="220"/>
                                <disabled-location x="60" y="320"/>
                        </tool>
                        <tool name="scin">
                                <icon-location x="100" y="20"/>
                                <rollover-location x="100" y="220"/>
                                <disabled-location x="100" y="320"/>
                        </tool>
                        <tool name="scout">
                                <icon-location x="140" y="20"/>
                                <rollover-location x="140" y="220"/>
                                <disabled-location x="140" y="320"/>
                        </tool>
                        <tool name="settings">
                                <icon-location x="180" y="20"/>
                                <rollover-location x="180" y="220"/>
                                <disabled-location x="180" y="320"/>
                        </tool>
                        <tool name="tide">
                                <icon-location x="220" y="20"/>
                                <rollover-location x="220" y="220"/>
                                <disabled-location x="220" y="320"/>
                        </tool>
                        <tool name="route">
                                <icon-location x="260" y="20"/>
                                <rollover-location x="260" y="220"/>
                                <disabled-location x="260" y="320"/>
                        </tool>
                        <tool name="current">
                                <icon-location x="300" y="20"/>
                                <rollover-location x="300" y="220"/>
                                <disabled-location x="300" y="320"/>
                        </tool>
                        <tool name="text">
                                <icon-location x="340" y="20"/>
                                <rollover-location x="340" y="220"/>
                                <disabled-location x="340" y="320"/>
                        </tool>
                        <tool name="print">
                                <icon-location x="380" y="20"/>
                                <rollover-location x="380" y="220"/>
                                <disabled-location x="380" y="320"/>
                        </tool>
                        <tool name="exitt">
                                <icon-location x="420" y="20"/>
                                <rollover-location x="420" y="220"/>
                                <disabled-location x="420" y="320"/>
                        </tool>
                        <tool name="follow">
                                <icon-location x="460" y="20"/>
                                <rollover-location x="460" y="220"/>
                                <disabled-location x="460" y="320"/>
                        </tool>
                        <tool name="help">
                                <icon-location x="500" y="20"/>
                                <rollover-location x="500" y="220"/>
                                <disabled-location x="500" y="320"/>
                        </tool>
                        <tool name="colorscheme">
                                <icon-location x="540" y="20"/>
                                <rollover-location x="540" y="220"/>
                                <disabled-location x="540" y="320"/>
                        </tool>
                        <tool name="route_manager">
                                <icon-location x="580" y="20"/>
                                <rollover-location x="580" y="220"/>
                                <disabled-location x="580" y="320"/>
                        </tool>
                        <tool name="track">
                                <icon-location x="620" y="20"/>
                                <rollover-location x="620" y="220"/>
                                <disabled-location x="620" y="320"/>
                        </tool>
                        <tool name="trackon">
                                <icon-location x="660" y="20"/>
                                <rollover-location x="660" y="220"/>
                                <disabled-location x="660" y="320"/>
                        </tool>
                        <tool name="mob_btn">
                                <icon-location x="20" y="60"/>
                                <rollover-location x="20" y="260"/>
                                <disabled-location x="20" y="360"/>
                        </tool>
                        <tool name="AIS">
                                <icon-location x="60" y="60"/>
                                <rollover-location x="60" y="260"/>
                                <disabled-location x="60" y="360"/>
                        </tool>
                        <tool name="AIS_Suppressed">
                                <icon-location x="100" y="60"/>
                                <rollover-location x="100" y="260"/>
                                <disabled-location x="100" y="360"/>
                        </tool>
                        <tool name="AIS_AlertGeneral">
                                <icon-location x="140" y="60"/>
                                <rollover-location x="140" y="260"/>
                                <disabled-location x="140" y="360"/>
                        </tool>
                        <tool name="AIS_Normal_Active">
                                <icon-location x="180" y="60"/>
                                <rollover-location x="180" y="260"/>
                                <disabled-location x="180" y="360"/>
                        </tool>
                        <tool name="AIS_Suppressed_Active">
                                <icon-location x="220" y="60"/>
                                <rollover-location x="220" y="260"/>
                                <disabled-location x="220" y="360"/>
                        </tool>
                        <tool name="AIS_AlertGeneral_Active">
                                <icon-location x="260" y="60"/>
                                <rollover-location x="260" y="260"/>
                                <disabled-location x="260" y="360"/>
                        </tool>
                        <tool name="AIS_Disabled">
                                <icon-location x="300" y="60"/>
                                <rollover-location x="300" y="260"/>
                                <disabled-location x="300" y="360"/>
                        </tool>

                </tools>

                <icons>
                        <icon name="4WayMove">
                                <icon-location x="420" y="160"/>
                                <size x="32" y="32"/>
                        </icon>
                        <icon name="Display">
                                <icon-location x="20" y="400"/>
                        <size x="40" y="40"/>
                                <rollover-location x="20" y="430"/>
                        </icon>
                        <icon name="Connections">
                                <icon-location x="80" y="400"/>
                        <size x="40" y="40"/>
                                <rollover-location x="80" y="430"/>
                        </icon>
                        <icon name="Charts">
                                <icon-location x="140" y="400"/>
                        <size x="40" y="40"/>
                                <rollover-location x="140" y="430"/>
                        </icon>
                        <icon name="Ship">
                                <icon-location x="200" y="400"/>
                        <size x="40" y="40"/>
                                <rollover-location x="200" y="430"/>
                        </icon>
                        <icon name="UI">
                                <icon-location x="260" y="400"/>
                        <size x="40" y="40"/>
                                <rollover-location x="260" y="430"/>
                        </icon>
                        <icon name="Plugins">
                                <icon-location x="320" y="400"/>
                        <size x="40" y="40"/>
                                <rollover-location x="320" y="430"/>
                        </icon>
                        <icon name="mob">
                                <icon-location x="700" y="20"/>
                        </icon>
                        <icon name="gps1Bar">
                                <icon-location x="340" y="60"/>
                        </icon>
                        <icon name="gps2Bar">
                                <icon-location x="380" y="60"/>
                        </icon>
                        <icon name="gps3Bar">
                                <icon-location x="420" y="60"/>
                        </icon>
                        <icon name="gpsGrn">
                                <icon-location x="460" y="60"/>
                        </icon>
                        <icon name="gpsGry">
                                <icon-location x="500" y="60"/>
                        </icon>
                        <icon name="gpsRed">
                                <icon-location x="540" y="60"/>
                        </icon>
                        <icon name="CompassRose">
                                <icon-location x="580" y="60"/>
                        </icon>
                        <icon name="CompassRoseBlue">
                                <icon-location x="620" y="60"/>
                        </icon>
                        <icon name="polyprj">
                                <icon-location x="740" y="20"/>
                                <size x="9" y="13"/>
                        </icon>
                        <icon name="grabber">
                                <icon-location x="700" y="60"/>
                                <size x="12" y="32"/>
                        </icon>
                        <icon name="grabber_hi">
                                <icon-location x="712" y="60"/>
                                <size x="12" y="32"/>
                        </icon>
                        <icon name="grabber_ext">
                                <icon-location x="700" y="100"/>
                                <size x="32" y="32"/>
                        </icon>
                        <icon name="viz">
                                <icon-location x="20" y="100"/>
                                <size x="20" y="13"/>
                        </icon>
                        <icon name="redX">
                                <icon-location x="60" y="100"/>
                                <size x="13" y="13"/>
                        </icon>
                        <icon name="">
                                <icon-location x="100" y="100"/>
                                <size x="" y=""/>
                        </icon>
                        <icon name="tmercprj">
                                <icon-location x="100" y="100"/>
                                <size x="13" y="13"/>
                        </icon>
                        <icon name="skewprj">
                                <icon-location x="140" y="100"/>
                                <size x="13" y="13"/>
                        </icon>
                        <icon name="sort_asc">
                                <icon-location x="220" y="100"/>
                                <size x="16" y="16"/>
                        </icon>
                        <icon name="sort_desc">
                                <icon-location x="180" y="100"/>
                                <size x="16" y="16"/>
                        </icon>
                        <icon name="activepoint">
                                <size x="23" y="23"/>
                                <icon-location x="260" y="100"/>
                        </icon>
                        <icon name="cross">
                                <size x="24" y="24"/>
                                <icon-location x="300" y="100"/>
                        </icon>
                        <icon name="pencil">
                                <icon-location x="380" y="100"/>
                        </icon>
                        <icon name="up">
                                <icon-location x="420" y="100"/>
                        </icon>
                        <icon name="right">
                                <icon-location x="460" y="100"/>
                        </icon>
                        <icon name="down">
                                <icon-location x="500" y="100"/>
                        </icon>
                        <icon name="left">
                                <icon-location x="540" y="100"/>
                        </icon>
                        <icon name="anchor">
                                <icon-location x="20" y="140"/>
                                <size x="16" y="16"/>
                        </icon>
                        <icon name="anchorage">
                                <icon-location x="40" y="140"/>
                                <size x="16" y="16"/>
                        </icon>
                        <icon name="boarding">
                                <icon-location x="60" y="140"/>
                                <size x="16" y="16"/>
                        </icon>
                        <icon name="boundary">
                                <icon-location x="80" y="140"/>
                                <size x="16" y="16"/>
                        </icon>
                        <icon name="bouy1">
                                <icon-location x="100" y="140"/>
                                <size x="16" y="16"/>
                        </icon>
                        <icon name="bouy2">
                                <icon-location x="120" y="140"/>
                                <size x="16" y="16"/>
                        </icon>
                        <icon name="campfire">
                                <icon-location x="140" y="140"/>
                                <size x="16" y="16"/>
                        </icon>
                        <icon name="camping">
                                <icon-location x="160" y="140"/>
                                <size x="16" y="16"/>
                        </icon>
                        <icon name="circle">
                                <icon-location x="180" y="140"/>
                                <size x="16" y="16"/>
                        </icon>
                        <icon name="coral">
                                <icon-location x="200" y="140"/>
                                <size x="16" y="16"/>
                        </icon>
                        <icon name="diamond">
                                <icon-location x="220" y="140"/>
                                <size x="16" y="16"/>
                        </icon>
                        <icon name="empty">
                                <icon-location x="240" y="140"/>
                                <size x="16" y="16"/>
                        </icon>
                        <icon name="fish">
                                <icon-location x="260" y="140"/>
                                <size x="16" y="16"/>
                        </icon>
                        <icon name="fishhaven">
                                <icon-location x="280" y="140"/>
                                <size x="16" y="16"/>
                        </icon>
                        <icon name="fishing">
                                <icon-location x="300" y="140"/>
                                <size x="16" y="16"/>
                        </icon>
                        <icon name="float">
                                <icon-location x="320" y="140"/>
                                <size x="16" y="16"/>
                        </icon>
                        <icon name="food">
                                <icon-location x="340" y="140"/>
                                <size x="16" y="16"/>
                        </icon>
                        <icon name="fuel">
                                <icon-location x="360" y="140"/>
                                <size x="16" y="16"/>
                        </icon>
                        <icon name="greenlite">
                                <icon-location x="380" y="140"/>
                                <size x="16" y="16"/>
                        </icon>
                        <icon name="kelp">
                                <icon-location x="400" y="140"/>
                                <size x="16" y="16"/>
                        </icon>
                        <icon name="light">
                                <icon-location x="420" y="140"/>
                                <size x="16" y="16"/>
                        </icon>
                        <icon name="light1">
                                <icon-location x="440" y="140"/>
                                <size x="16" y="16"/>
                        </icon>
                        <icon name="litevessel">
                                <icon-location x="460" y="140"/>
                                <size x="16" y="16"/>
                        </icon>
                        <icon name="mooring">
                                <icon-location x="500" y="140"/>
                                <size x="16" y="16"/>
                        </icon>
                        <icon name="oilbouy">
                                <icon-location x="520" y="140"/>
                                <size x="16" y="16"/>
                        </icon>
                        <icon name="platform">
                                <icon-location x="540" y="140"/>
                                <size x="16" y="16"/>
                        </icon>
                        <icon name="redgreenlite">
                                <icon-location x="560" y="140"/>
                                <size x="16" y="16"/>
                        </icon>
                        <icon name="redlite">
                                <icon-location x="580" y="140"/>
                                <size x="16" y="16"/>
                        </icon>
                        <icon name="rock1">
                                <icon-location x="600" y="140"/>
                                <size x="16" y="16"/>
                        </icon>
                        <icon name="rock2">
                                <icon-location x="620" y="140"/>
                                <size x="16" y="16"/>
                        </icon>
                        <icon name="sand">
                                <icon-location x="640" y="140"/>
                                <size x="16" y="16"/>
                        </icon>
                        <icon name="scuba">
                                <icon-location x="660" y="140"/>
                                <size x="16" y="16"/>
                        </icon>
                        <icon name="shoal">
                                <icon-location x="680" y="140"/>
                                <size x="16" y="16"/>
                        </icon>
                        <icon name="snag">
                                <icon-location x="700" y="140"/>
                                <size x="16" y="16"/>
                        </icon>
                        <icon name="square">
                                <icon-location x="720" y="140"/>
                                <size x="16" y="16"/>
                        </icon>
                        <icon name="triangle">
                                <icon-location x="740" y="140"/>
                                <size x="16" y="16"/>
                        </icon>
                        <icon name="airplane">
                                <icon-location x="20" y="160"/>
                                <size x="16" y="16"/>
                        </icon>
                        <icon name="wreck1">
                                <icon-location x="40" y="160"/>
                                <size x="16" y="16"/>
                        </icon>
                        <icon name="wreck2">
                                <icon-location x="60" y="160"/>
                                <size x="16" y="16"/>
                        </icon>
                        <icon name="xmblue">
                                <icon-location x="80" y="160"/>
                                <size x="16" y="16"/>
                        </icon>
                        <icon name="xmgreen">
                                <icon-location x="100" y="160"/>
                                <size x="16" y="16"/>
                        </icon>
                        <icon name="xmred">
                                <icon-location x="120" y="160"/>
                                <size x="16" y="16"/>
                        </icon>
                        <icon name="qmark">
                                <icon-location x="142" y="160"/>
                                <size x="16" y="16"/>
                        </icon>
                        <icon name="tidesml">
                                <icon-location x="240" y="160"/>
                                <size x="16" y="16"/>
                        </icon>
                        <icon name="ship-red">
                                <icon-location x="754" y="69"/>
                                <size x="19" y="45"/>
                        </icon>
                        <icon name="default_pi">
                                <icon-location x="580" y="100"/>
                        </icon>
                        <icon name="donate">
                                <icon-location x="680" y="160"/>
                                <size x="113" y="49"/>
                        </icon>
                </icons>
        </style>

        <style name="Journeyman" sysname="journeyman">
		<description>Inspired by the grey winter skies over Rio de la Plata</description>
		<graphics-file name="toolicons_journeyman.png" />
		<chart-status-icon width="40"/>
		<chart-status-window transparent="true"/>
        <embossed-indicators size="30" font="Verdana" />
		<active-route>
			<font-color r="50" g="50" b="50" />
			<text-background-location x="660" y="260" width="140" height="55" />
		</active-route>
		<tools>
			<horizontal>
				<separation distance="0"/>
				<margin top="4" bottom="4" left="4" right="0" invisible="true"/>
				<background-location x="660" y="60" />
				<toggled-location x="20" y="60" width="38" height="32"/>
				<size x="38" y="32"/>
				<toolbar-start  x="100" y="60"  width="4" height="32"/>
				<toolbar-end  x="140" y="60"  width="4" height="32"/>
				<toolbar-corners  radius="3"/>
			</horizontal>
			<vertical>
				<separation distance="0"/>
				<margin top="4" bottom="4" left="4" right="0" invisible="true"/>
				<background-location x="600" y="160" />
				<toggled-location x="560" y="160" width="32" height="38"/>
				<size x="32" y="38"/>
				<icon-offset x="-3" y="3" />
				<toolbar-start  x="500" y="160"  width="32" height="4"/>
				<toolbar-end  x="500" y="180"  width="32" height="4"/>
				<toolbar-corners  radius="3"/>
			</vertical>
			<compass>
				<margin top="4" bottom="4" left="4" right="0"/>
				<offset x="0" y="0"/>
				<compass-corners  radius="3"/>
			</compass>
			<tool name="GoogleEarth">
				<icon-location x="180" y="60"/>
				<rollover-location x="180" y="260"/>
			</tool>
			<tool name="VDR">
				<icon-location x="220" y="60"/>
				<rollover-location x="220" y="260"/>
			</tool>
			<tool name="VDR1">
				<icon-location x="260" y="60"/>
				<rollover-location x="260" y="260"/>
			</tool>
			<tool name="Dashboard">
				<icon-location x="658" y="20"/>
				<rollover-location x="658" y="220"/>
				<disabled-location x="658" y="320"/>
			</tool>
			<tool name="GRIB">
				<icon-location x="698" y="20"/>
				<rollover-location x="698" y="220"/>
				<disabled-location x="698" y="320"/>
			</tool>
			<tool name="zoomin">
				<icon-location x="19" y="20"/>
				<rollover-location x="19" y="220"/>
				<disabled-location x="19" y="320"/>
			</tool>
			<tool name="zoomout">
				<icon-location x="59" y="20"/>
				<rollover-location x="59" y="220"/>
				<disabled-location x="59" y="320"/>
			</tool>
			<tool name="scin">
				<icon-location x="100" y="20"/>
				<rollover-location x="100" y="220"/>
				<disabled-location x="100" y="320"/>
			</tool>
			<tool name="scout">
				<icon-location x="135" y="20"/>
				<rollover-location x="135" y="220"/>
				<disabled-location x="135" y="320"/>
			</tool>
			<tool name="settings">
				<icon-location x="257" y="20"/>
				<rollover-location x="257" y="220"/>
				<disabled-location x="257" y="320"/>
			</tool>
			<tool name="tide">
				<icon-location x="417" y="20"/>
				<rollover-location x="417" y="220"/>
				<disabled-location x="417" y="320"/>
			</tool>
			<tool name="route">
				<icon-location x="175" y="20"/>
				<rollover-location x="175" y="220"/>
				<disabled-location x="175" y="320"/>
			</tool>
			<tool name="current">
				<icon-location x="380" y="20"/>
				<rollover-location x="380" y="220"/>
				<disabled-location x="380" y="320"/>
			</tool>
			<tool name="text">
				<icon-location x="299" y="20"/>
				<rollover-location x="299" y="220"/>
				<disabled-location x="299" y="320"/>
			</tool>
			<tool name="print">
				<icon-location x="738" y="20"/>
				<rollover-location x="738" y="220"/>
				<disabled-location x="738" y="320"/>
			</tool>
			<tool name="exitt">
				<icon-location x="420" y="20"/>
				<rollover-location x="420" y="220"/>
				<disabled-location x="420" y="320"/>
			</tool>
			<tool name="follow">
				<icon-location x="218" y="20"/>
				<rollover-location x="218" y="220"/>
				<disabled-location x="218" y="320"/>
			</tool>
			<tool name="help">
				<icon-location x="618" y="20"/>
				<rollover-location x="618" y="220"/>
				<disabled-location x="618" y="320"/>
			</tool>
			<tool name="colorscheme">
				<icon-location x="541" y="20"/>
				<rollover-location x="541" y="220"/>
				<disabled-location x="541" y="320"/>
			</tool>
			<tool name="route_manager">
				<icon-location x="458" y="20"/>
				<rollover-location x="458" y="220"/>
				<disabled-location x="458" y="320"/>
			</tool>
			<tool name="track">
				<icon-location x="498" y="20"/>
				<rollover-location x="498" y="220"/>
				<disabled-location x="498" y="320"/>
			</tool>
			<tool name="trackon">
				<icon-location x="660" y="20"/>
				<rollover-location x="660" y="220"/>
				<disabled-location x="660" y="320"/>
			</tool>
			<tool name="mob_btn">
				<icon-location x="579" y="20"/>
				<rollover-location x="579" y="220"/>
				<disabled-location x="579" y="320"/>
			</tool>
			<tool name="AIS">
				<icon-location x="337" y="20"/>
				<rollover-location x="337" y="220"/>
				<disabled-location x="337" y="320"/>
			</tool>
			<tool name="AIS_Suppressed">
				<icon-location x="300" y="260"/>
                                <rollover-location x="337" y="220"/>
			</tool>
			<tool name="AIS_AlertGeneral">
				<icon-location x="380" y="260"/>
                                <rollover-location x="337" y="220"/>
			</tool>
			<tool name="AIS_Normal_Active">
				<icon-location x="500" y="260"/>
                                <rollover-location x="337" y="220"/>
			</tool>
			<tool name="AIS_Suppressed_Active">
				<icon-location x="340" y="260"/>
                                <rollover-location x="337" y="220"/>
			</tool>
			<tool name="AIS_AlertGeneral_Active">
				<icon-location x="420" y="260"/>
                                <rollover-location x="337" y="220"/>
			</tool>
                        <tool name="AIS_Disabled">
                                <icon-location x="337" y="320"/>
                                <rollover-location x="337" y="220"/>
                        </tool>
		</tools>

		<icons>
                        <icon name="4WayMove">
                                <icon-location x="420" y="160"/>
                                <size x="32" y="32"/>
                        </icon>
			<icon name="Display">
				<icon-location x="20" y="370"/>
                        <size x="40" y="40"/>
				<rollover-location x="20" y="430"/>
			</icon>
			<icon name="Connections">
				<icon-location x="80" y="370"/>
                        <size x="40" y="40"/>
				<rollover-location x="80" y="430"/>
			</icon>
			<icon name="Charts">
				<icon-location x="140" y="370"/>
                        <size x="40" y="40"/>
				<rollover-location x="140" y="430"/>
			</icon>
			<icon name="Ship">
				<icon-location x="200" y="370"/>
                        <size x="40" y="40"/>
				<rollover-location x="200" y="430"/>
			</icon>
			<icon name="UI">
				<icon-location x="260" y="370"/>
                        <size x="40" y="40"/>
				<rollover-location x="260" y="430"/>
			</icon>
			<icon name="Plugins">
				<icon-location x="320" y="370"/>
                        <size x="40" y="40"/>
				<rollover-location x="320" y="430"/>
			</icon>
			<icon name="mob">
				<icon-location x="620" y="100"/>
				<size x="21" y="21"/>
			</icon>
			<icon name="gps1Bar">
				<icon-location x="340" y="60"/>
				<size x="38" y="32"/>
			</icon>
			<icon name="gps2Bar">
				<icon-location x="380" y="60"/>
				<size x="38" y="32"/>
			</icon>
			<icon name="gps3Bar">
				<icon-location x="420" y="60"/>
				<size x="38" y="32"/>
			</icon>
			<icon name="gpsGrn">
				<icon-location x="460" y="60"/>
				<size x="38" y="32"/>
			</icon>
			<icon name="gpsGry">
				<icon-location x="500" y="60"/>
				<size x="38" y="32"/>
			</icon>
			<icon name="gpsRed">
				<icon-location x="540" y="60"/>
				<size x="38" y="32"/>
			</icon>
			<icon name="CompassRose">
				<icon-location x="580" y="60"/>
				<size x="32" y="32"/>
			</icon>
			<icon name="CompassRoseBlue">
				<icon-location x="620" y="60"/>
				<size x="32" y="32"/>
			</icon>
			<icon name="polyprj">
				<icon-location x="280" y="160"/>
				<size x="13" y="13"/>
			</icon>
			<icon name="grabber">
				<icon-location x="700" y="60"/>
				<size x="11" y="32"/>
			</icon>
                        <icon name="grabber_hi">
                                <icon-location x="714" y="60"/>
                                <size x="11" y="32"/>
                        </icon>
                        <icon name="grabber_ext">
                                <icon-location x="700" y="100"/>
                                <size x="32" y="32"/>
                        </icon>
			<icon name="viz">
				<icon-location x="20" y="100"/>
				<size x="20" y="13"/>
			</icon>
			<icon name="redX">
				<icon-location x="60" y="100"/>
				<size x="13" y="13"/>
			</icon>
			<icon name="">
				<icon-location x="100" y="100"/>
				<size x="" y=""/>
			</icon>
			<icon name="tmercprj">
				<icon-location x="100" y="100"/>
				<size x="13" y="13"/>
			</icon>
			<icon name="skewprj">
				<icon-location x="140" y="100"/>
				<size x="13" y="12"/>
			</icon>
			<icon name="sort_asc">
				<icon-location x="220" y="100"/>
				<size x="16" y="16"/>
			</icon>
			<icon name="sort_desc">
				<icon-location x="180" y="100"/>
				<size x="16" y="16"/>
			</icon>
			<icon name="activepoint">
				<size x="23" y="23"/>
				<icon-location x="260" y="100"/>
			</icon>
			<icon name="cross">
				<size x="24" y="24"/>
				<icon-location x="300" y="100"/>
			</icon>
			<icon name="pencil">
				<icon-location x="380" y="100"/>
				<size x="32" y="32"/>
			</icon>
			<icon name="up">
				<icon-location x="420" y="100"/>
			</icon>
			<icon name="right">
				<icon-location x="460" y="100"/>
			</icon>
			<icon name="down">
				<icon-location x="500" y="100"/>
			</icon>
			<icon name="left">
				<icon-location x="540" y="100"/>
			</icon>
			<icon name="anchor">
				<icon-location x="20" y="140"/>
				<size x="16" y="16"/>
			</icon>
			<icon name="anchorage">
				<icon-location x="40" y="140"/>
				<size x="16" y="16"/>
			</icon>
			<icon name="boarding">
				<icon-location x="60" y="140"/>
				<size x="16" y="16"/>
			</icon>
			<icon name="boundary">
				<icon-location x="80" y="140"/>
				<size x="16" y="16"/>
			</icon>
			<icon name="bouy1">
				<icon-location x="100" y="140"/>
				<size x="16" y="16"/>
			</icon>
			<icon name="bouy2">
				<icon-location x="120" y="140"/>
				<size x="16" y="16"/>
			</icon>
			<icon name="campfire">
				<icon-location x="140" y="140"/>
				<size x="16" y="16"/>
			</icon>
			<icon name="camping">
				<icon-location x="160" y="140"/>
				<size x="16" y="16"/>
			</icon>
			<icon name="circle">
				<icon-location x="180" y="140"/>
				<size x="16" y="16"/>
			</icon>
			<icon name="coral">
				<icon-location x="200" y="140"/>
				<size x="16" y="16"/>
			</icon>
			<icon name="diamond">
				<icon-location x="220" y="140"/>
				<size x="16" y="16"/>
			</icon>
			<icon name="empty">
				<icon-location x="240" y="140"/>
				<size x="16" y="16"/>
			</icon>
			<icon name="fish">
				<icon-location x="260" y="140"/>
				<size x="16" y="16"/>
			</icon>
			<icon name="fishhaven">
				<icon-location x="280" y="140"/>
				<size x="16" y="16"/>
			</icon>
			<icon name="fishing">
				<icon-location x="300" y="140"/>
				<size x="16" y="16"/>
			</icon>
			<icon name="float">
				<icon-location x="320" y="140"/>
				<size x="16" y="16"/>
			</icon>
			<icon name="food">
				<icon-location x="340" y="140"/>
				<size x="16" y="16"/>
			</icon>
			<icon name="fuel">
				<icon-location x="360" y="140"/>
				<size x="16" y="16"/>
			</icon>
			<icon name="greenlite">
				<icon-location x="380" y="140"/>
				<size x="16" y="16"/>
			</icon>
			<icon name="kelp">
				<icon-location x="400" y="140"/>
				<size x="16" y="16"/>
			</icon>
			<icon name="light">
				<icon-location x="420" y="140"/>
				<size x="16" y="16"/>
			</icon>
			<icon name="light1">
				<icon-location x="440" y="140"/>
				<size x="16" y="16"/>
			</icon>
			<icon name="litevessel">
				<icon-location x="460" y="140"/>
				<size x="16" y="16"/>
			</icon>
			<icon name="mooring">
				<icon-location x="500" y="140"/>
				<size x="16" y="16"/>
			</icon>
			<icon name="oilbouy">
				<icon-location x="520" y="140"/>
				<size x="16" y="16"/>
			</icon>
			<icon name="platform">
				<icon-location x="540" y="140"/>
				<size x="16" y="16"/>
			</icon>
			<icon name="redgreenlite">
				<icon-location x="560" y="140"/>
				<size x="16" y="16"/>
			</icon>
			<icon name="redlite">
				<icon-location x="580" y="140"/>
				<size x="16" y="16"/>
			</icon>
			<icon name="rock1">
				<icon-location x="600" y="140"/>
				<size x="16" y="16"/>
			</icon>
			<icon name="rock2">
				<icon-location x="620" y="140"/>
				<size x="16" y="16"/>
			</icon>
			<icon name="sand">
				<icon-location x="640" y="140"/>
				<size x="16" y="16"/>
			</icon>
			<icon name="scuba">
				<icon-location x="660" y="140"/>
				<size x="16" y="16"/>
			</icon>
			<icon name="shoal">
				<icon-location x="680" y="140"/>
				<size x="16" y="16"/>
			</icon>
			<icon name="snag">
				<icon-location x="700" y="140"/>
				<size x="16" y="16"/>
			</icon>
			<icon name="square">
				<icon-location x="720" y="140"/>
				<size x="16" y="16"/>
			</icon>
			<icon name="triangle">
				<icon-location x="740" y="140"/>
				<size x="16" y="16"/>
			</icon>
			<icon name="airplane">
				<icon-location x="20" y="160"/>
				<size x="16" y="16"/>
			</icon>
			<icon name="wreck1">
				<icon-location x="40" y="160"/>
				<size x="16" y="16"/>
			</icon>
			<icon name="wreck2">
				<icon-location x="60" y="160"/>
				<size x="16" y="16"/>
			</icon>
			<icon name="xmblue">
				<icon-location x="80" y="160"/>
				<size x="16" y="16"/>
			</icon>
			<icon name="xmgreen">
				<icon-location x="100" y="160"/>
				<size x="16" y="16"/>
			</icon>
			<icon name="xmred">
				<icon-location x="120" y="160"/>
				<size x="16" y="16"/>
			</icon>
                        <icon name="qmark">
                                <icon-location x="142" y="160"/>
                                <size x="16" y="16"/>
                        </icon>
			<icon name="tidesml">
				<icon-location x="240" y="160"/>
				<size x="16" y="16"/>
			</icon>
			<icon name="ship-red">
				<icon-location x="754" y="69"/>
				<size x="19" y="45"/>
			</icon>
			<icon name="default_pi">
				<icon-location x="580" y="100"/>
			</icon>
			<icon name="donate">
				<icon-location x="680" y="160"/>
				<size x="113" y="49"/>
			</icon>
			<icon name="dimmerbg">
				<icon-location x="660" y="260"/>
				<size x="111" y="43"/>
			</icon>
		</icons>
	</style>

	<style name="Journeyman Flat" sysname="journeyman_flat">
		<description>Inspired by the grey winter skies over Rio de la Plata</description>
		<graphics-file name="toolicons_journeyman_flat.png" />
		<chart-status-icon width="30"/>
		<chart-status-window transparent="true"/>
        <embossed-indicators size="30" font="Verdana" />
		<active-route>
			<font-color r="50" g="50" b="50" />
                        <text-background-location x="660" y="260" width="140" height="55" />
		</active-route>
		<tools>
			<horizontal>
				<separation distance="0"/>
				<margin top="4" bottom="4" left="4" right="0" invisible="true"/>
				<background-location x="660" y="60" />
				<toggled-location x="20" y="60" width="38" height="32"/>
				<size x="38" y="32"/>
				<toolbar-corners  radius="3"/>
			</horizontal>
			<vertical>
				<separation distance="0"/>
				<margin top="4" bottom="4" left="4" right="0" invisible="true"/>
				<background-location x="600" y="160" />
				<toggled-location x="560" y="160" width="32" height="38"/>
				<size x="32" y="38"/>
				<icon-offset x="-3" y="3" />
				<toolbar-corners  radius="3"/>
			</vertical>
			<compass>
				<margin top="4" bottom="4" left="4" right="0"/>
				<offset x="0" y="0"/>
				<compass-corners  radius="3"/>
			</compass>
			<tool name="VDR">
				<icon-location x="220" y="60"/>
				<rollover-location x="220" y="260"/>
			</tool>
			<tool name="VDR1">
				<icon-location x="260" y="60"/>
				<rollover-location x="260" y="260"/>
			</tool>
			<tool name="Dashboard">
				<icon-location x="658" y="20"/>
				<rollover-location x="658" y="220"/>
				<disabled-location x="658" y="320"/>
			</tool>
			<tool name="GRIB">
				<icon-location x="698" y="20"/>
				<rollover-location x="698" y="220"/>
				<disabled-location x="698" y="320"/>
			</tool>
			<tool name="zoomin">
				<icon-location x="19" y="20"/>
				<rollover-location x="19" y="220"/>
				<disabled-location x="19" y="320"/>
			</tool>
			<tool name="zoomout">
				<icon-location x="59" y="20"/>
				<rollover-location x="59" y="220"/>
				<disabled-location x="59" y="320"/>
			</tool>
			<tool name="scin">
				<icon-location x="100" y="20"/>
				<rollover-location x="100" y="220"/>
				<disabled-location x="100" y="320"/>
			</tool>
			<tool name="scout">
				<icon-location x="135" y="20"/>
				<rollover-location x="135" y="220"/>
				<disabled-location x="135" y="320"/>
			</tool>
			<tool name="settings">
				<icon-location x="257" y="20"/>
				<rollover-location x="257" y="220"/>
				<disabled-location x="257" y="320"/>
			</tool>
			<tool name="tide">
				<icon-location x="417" y="20"/>
				<rollover-location x="417" y="220"/>
				<disabled-location x="417" y="320"/>
			</tool>
			<tool name="route">
				<icon-location x="175" y="20"/>
				<rollover-location x="175" y="220"/>
				<disabled-location x="175" y="320"/>
			</tool>
			<tool name="current">
				<icon-location x="380" y="20"/>
				<rollover-location x="380" y="220"/>
				<disabled-location x="380" y="320"/>
			</tool>
			<tool name="text">
				<icon-location x="299" y="20"/>
				<rollover-location x="299" y="220"/>
				<disabled-location x="299" y="320"/>
			</tool>
			<tool name="print">
				<icon-location x="738" y="20"/>
				<rollover-location x="738" y="220"/>
				<disabled-location x="738" y="320"/>
			</tool>
			<tool name="exitt">
				<icon-location x="420" y="20"/>
				<rollover-location x="420" y="220"/>
				<disabled-location x="420" y="320"/>
			</tool>
			<tool name="follow">
				<icon-location x="218" y="20"/>
				<rollover-location x="218" y="220"/>
				<disabled-location x="218" y="320"/>
			</tool>
			<tool name="help">
				<icon-location x="618" y="20"/>
				<rollover-location x="618" y="220"/>
				<disabled-location x="618" y="320"/>
			</tool>
			<tool name="colorscheme">
				<icon-location x="541" y="20"/>
				<rollover-location x="541" y="220"/>
				<disabled-location x="541" y="320"/>
			</tool>
			<tool name="route_manager">
				<icon-location x="458" y="20"/>
				<rollover-location x="458" y="220"/>
				<disabled-location x="458" y="320"/>
			</tool>
			<tool name="track">
				<icon-location x="498" y="20"/>
				<rollover-location x="498" y="220"/>
				<disabled-location x="498" y="320"/>
			</tool>
			<tool name="trackon">
				<icon-location x="660" y="20"/>
				<rollover-location x="660" y="220"/>
				<disabled-location x="660" y="320"/>
			</tool>
			<tool name="mob_btn">
				<icon-location x="579" y="20"/>
				<rollover-location x="579" y="220"/>
				<disabled-location x="579" y="320"/>
			</tool>
			<tool name="AIS">
				<icon-location x="337" y="20"/>
				<rollover-location x="337" y="220"/>
				<disabled-location x="337" y="320"/>
			</tool>
			<tool name="AIS_Suppressed">
				<icon-location x="300" y="260"/>
			</tool>
			<tool name="AIS_AlertGeneral">
				<icon-location x="380" y="260"/>
			</tool>
			<tool name="AIS_Normal_Active">
				<icon-location x="500" y="260"/>
			</tool>
			<tool name="AIS_Suppressed_Active">
				<icon-location x="340" y="260"/>
			</tool>
			<tool name="AIS_AlertGeneral_Active">
				<icon-location x="420" y="260"/>
			</tool>
                        <tool name="AIS_Disabled">
                                <icon-location x="337" y="320"/>
                                <rollover-location x="337" y="220"/>
                        </tool>
		</tools>

		<icons>
                        <icon name="4WayMove">
                                <icon-location x="420" y="160"/>
                                <size x="32" y="32"/>
                        </icon>
			<icon name="Display">
				<icon-location x="20" y="370"/>
                <size x="40" y="40"/>
				<rollover-location x="20" y="430"/>
			</icon>
			<icon name="Connections">
				<icon-location x="80" y="370"/>
                <size x="40" y="40"/>
				<rollover-location x="80" y="430"/>
			</icon>
			<icon name="Charts">
				<icon-location x="140" y="370"/>
                <size x="40" y="40"/>
				<rollover-location x="140" y="430"/>
			</icon>
			<icon name="Ship">
				<icon-location x="200" y="370"/>
                <size x="40" y="40"/>
				<rollover-location x="200" y="430"/>
			</icon>
			<icon name="UI">
				<icon-location x="260" y="370"/>
                <size x="40" y="40"/>
				<rollover-location x="260" y="430"/>
			</icon>
			<icon name="Plugins">
				<icon-location x="320" y="370"/>
                <size x="40" y="40"/>
				<rollover-location x="320" y="430"/>
			</icon>
			<icon name="mob">
				<icon-location x="620" y="100"/>
				<size x="21" y="21"/>
			</icon>
			<icon name="gps1Bar">
				<icon-location x="340" y="60"/>
				<size x="38" y="32"/>
			</icon>
			<icon name="gps2Bar">
				<icon-location x="380" y="60"/>
				<size x="38" y="32"/>
			</icon>
			<icon name="gps3Bar">
				<icon-location x="420" y="60"/>
				<size x="38" y="32"/>
			</icon>
			<icon name="gpsGrn">
				<icon-location x="460" y="60"/>
				<size x="38" y="32"/>
			</icon>
			<icon name="gpsGry">
				<icon-location x="500" y="60"/>
				<size x="38" y="32"/>
			</icon>
			<icon name="gpsRed">
				<icon-location x="540" y="60"/>
				<size x="38" y="32"/>
			</icon>
			<icon name="CompassRose">
				<icon-location x="580" y="60"/>
				<size x="32" y="32"/>
			</icon>
			<icon name="CompassRoseBlue">
				<icon-location x="620" y="60"/>
				<size x="32" y="32"/>
			</icon>
			<icon name="polyprj">
				<icon-location x="280" y="160"/>
				<size x="13" y="13"/>
			</icon>
			<icon name="grabber">
				<icon-location x="700" y="60"/>
				<size x="11" y="32"/>
			</icon>
                        <icon name="grabber_hi">
                                <icon-location x="714" y="60"/>
                                <size x="11" y="32"/>
                        </icon>
                        <icon name="grabber_ext">
                                <icon-location x="700" y="100"/>
                                <size x="11" y="32"/>
                        </icon>
			<icon name="viz">
				<icon-location x="20" y="100"/>
				<size x="20" y="13"/>
			</icon>
			<icon name="redX">
				<icon-location x="60" y="100"/>
				<size x="13" y="13"/>
			</icon>
			<icon name="">
				<icon-location x="100" y="100"/>
				<size x="" y=""/>
			</icon>
			<icon name="tmercprj">
				<icon-location x="100" y="100"/>
				<size x="13" y="13"/>
			</icon>
			<icon name="skewprj">
				<icon-location x="140" y="100"/>
				<size x="13" y="12"/>
			</icon>
			<icon name="sort_asc">
				<icon-location x="220" y="100"/>
				<size x="16" y="16"/>
			</icon>
			<icon name="sort_desc">
				<icon-location x="180" y="100"/>
				<size x="16" y="16"/>
			</icon>
			<icon name="activepoint">
				<size x="23" y="23"/>
				<icon-location x="260" y="100"/>
			</icon>
			<icon name="cross">
				<size x="24" y="24"/>
				<icon-location x="300" y="100"/>
			</icon>
			<icon name="pencil">
				<icon-location x="380" y="100"/>
				<size x="32" y="32"/>
			</icon>
			<icon name="up">
				<icon-location x="420" y="100"/>
			</icon>
			<icon name="right">
				<icon-location x="460" y="100"/>
			</icon>
			<icon name="down">
				<icon-location x="500" y="100"/>
			</icon>
			<icon name="left">
				<icon-location x="540" y="100"/>
			</icon>
			<icon name="anchor">
				<icon-location x="20" y="140"/>
				<size x="16" y="16"/>
			</icon>
			<icon name="anchorage">
				<icon-location x="40" y="140"/>
				<size x="16" y="16"/>
			</icon>
			<icon name="boarding">
				<icon-location x="60" y="140"/>
				<size x="16" y="16"/>
			</icon>
			<icon name="boundary">
				<icon-location x="80" y="140"/>
				<size x="16" y="16"/>
			</icon>
			<icon name="bouy1">
				<icon-location x="100" y="140"/>
				<size x="16" y="16"/>
			</icon>
			<icon name="bouy2">
				<icon-location x="120" y="140"/>
				<size x="16" y="16"/>
			</icon>
			<icon name="campfire">
				<icon-location x="140" y="140"/>
				<size x="16" y="16"/>
			</icon>
			<icon name="camping">
				<icon-location x="160" y="140"/>
				<size x="16" y="16"/>
			</icon>
			<icon name="circle">
				<icon-location x="180" y="140"/>
				<size x="16" y="16"/>
			</icon>
			<icon name="coral">
				<icon-location x="200" y="140"/>
				<size x="16" y="16"/>
			</icon>
			<icon name="diamond">
				<icon-location x="220" y="140"/>
				<size x="16" y="16"/>
			</icon>
			<icon name="empty">
				<icon-location x="240" y="140"/>
				<size x="16" y="16"/>
			</icon>
			<icon name="fish">
				<icon-location x="260" y="140"/>
				<size x="16" y="16"/>
			</icon>
			<icon name="fishhaven">
				<icon-location x="280" y="140"/>
				<size x="16" y="16"/>
			</icon>
			<icon name="fishing">
				<icon-location x="300" y="140"/>
				<size x="16" y="16"/>
			</icon>
			<icon name="float">
				<icon-location x="320" y="140"/>
				<size x="16" y="16"/>
			</icon>
			<icon name="food">
				<icon-location x="340" y="140"/>
				<size x="16" y="16"/>
			</icon>
			<icon name="fuel">
				<icon-location x="360" y="140"/>
				<size x="16" y="16"/>
			</icon>
			<icon name="greenlite">
				<icon-location x="380" y="140"/>
				<size x="16" y="16"/>
			</icon>
			<icon name="kelp">
				<icon-location x="400" y="140"/>
				<size x="16" y="16"/>
			</icon>
			<icon name="light">
				<icon-location x="420" y="140"/>
				<size x="16" y="16"/>
			</icon>
			<icon name="light1">
				<icon-location x="440" y="140"/>
				<size x="16" y="16"/>
			</icon>
			<icon name="litevessel">
				<icon-location x="460" y="140"/>
				<size x="16" y="16"/>
			</icon>
			<icon name="mooring">
				<icon-location x="500" y="140"/>
				<size x="16" y="16"/>
			</icon>
			<icon name="oilbouy">
				<icon-location x="520" y="140"/>
				<size x="16" y="16"/>
			</icon>
			<icon name="platform">
				<icon-location x="540" y="140"/>
				<size x="16" y="16"/>
			</icon>
			<icon name="redgreenlite">
				<icon-location x="560" y="140"/>
				<size x="16" y="16"/>
			</icon>
			<icon name="redlite">
				<icon-location x="580" y="140"/>
				<size x="16" y="16"/>
			</icon>
			<icon name="rock1">
				<icon-location x="600" y="140"/>
				<size x="16" y="16"/>
			</icon>
			<icon name="rock2">
				<icon-location x="620" y="140"/>
				<size x="16" y="16"/>
			</icon>
			<icon name="sand">
				<icon-location x="640" y="140"/>
				<size x="16" y="16"/>
			</icon>
			<icon name="scuba">
				<icon-location x="660" y="140"/>
				<size x="16" y="16"/>
			</icon>
			<icon name="shoal">
				<icon-location x="680" y="140"/>
				<size x="16" y="16"/>
			</icon>
			<icon name="snag">
				<icon-location x="700" y="140"/>
				<size x="16" y="16"/>
			</icon>
			<icon name="square">
				<icon-location x="720" y="140"/>
				<size x="16" y="16"/>
			</icon>
			<icon name="triangle">
				<icon-location x="740" y="140"/>
				<size x="16" y="16"/>
			</icon>
			<icon name="airplane">
				<icon-location x="20" y="160"/>
				<size x="16" y="16"/>
			</icon>
			<icon name="wreck1">
				<icon-location x="40" y="160"/>
				<size x="16" y="16"/>
			</icon>
			<icon name="wreck2">
				<icon-location x="60" y="160"/>
				<size x="16" y="16"/>
			</icon>
			<icon name="xmblue">
				<icon-location x="80" y="160"/>
				<size x="16" y="16"/>
			</icon>
			<icon name="xmgreen">
				<icon-location x="100" y="160"/>
				<size x="16" y="16"/>
			</icon>
			<icon name="xmred">
				<icon-location x="120" y="160"/>
				<size x="16" y="16"/>
			</icon>
                        <icon name="qmark">
                                <icon-location x="142" y="160"/>
                                <size x="16" y="16"/>
                        </icon>
			<icon name="tidesml">
				<icon-location x="240" y="160"/>
				<size x="16" y="16"/>
			</icon>
			<icon name="ship-red">
				<icon-location x="754" y="69"/>
				<size x="19" y="45"/>
			</icon>
			<icon name="default_pi">
				<icon-location x="580" y="100"/>
			</icon>
			<icon name="donate">
				<icon-location x="680" y="160"/>
				<size x="113" y="49"/>
			</icon>
		</icons>
	</style>
</styles>

